slug,provider_slugs
remitly-vs-wise-vs-sliq-pay,"wise,remitly"
binance-vs-abound-vs-sliq-pay,"binance-us,abound-times-club-tclub-inc"
paypal-vs-pym-vs-sliq-pay,"paypal,pym"
transcorp-international-ltd-vs-unistream-vs-sliq-pay,"transcorp-international-ltd,unistream"
ace-fx-vs-transcorp-international-ltd-vs-sliq-pay,"ace-fx,transcorp-international-ltd"
b-sharpe-vs-transcorp-international-ltd-vs-sliq-pay,"b-sharpe,transcorp-international-ltd"
bfc-forex-financial-services-pvt-ltd-vs-transcorp-international-ltd-vs-sliq-pay,"bfc-forex-financial-services-pvt-ltd,transcorp-international-ltd"
centrum-direct-ltd-vs-transcorp-international-ltd-vs-sliq-pay,"centrum-direct-ltd,transcorp-international-ltd"
covercy-vs-transcorp-international-ltd-vs-sliq-pay,"covercy,transcorp-international-ltd"
currency-solutions-vs-transcorp-international-ltd-vs-sliq-pay,"currency-solutions,transcorp-international-ltd"
fairfx-equals-money-vs-transcorp-international-ltd-vs-sliq-pay,"fairfx-equals-money,transcorp-international-ltd"
foreign-currency-direct-vs-transcorp-international-ltd-vs-sliq-pay,"foreign-currency-direct,transcorp-international-ltd"
foremost-currency-group-vs-transcorp-international-ltd-vs-sliq-pay,"foremost-currency-group,transcorp-international-ltd"
grosik-vs-transcorp-international-ltd-vs-sliq-pay,"grosik,transcorp-international-ltd"
muthoot-fincorp-ltd-vs-transcorp-international-ltd-vs-sliq-pay,"muthoot-fincorp-ltd,transcorp-international-ltd"
paga-vs-transcorp-international-ltd-vs-sliq-pay,"paga,transcorp-international-ltd"
no1-currency-vs-transcorp-international-ltd-vs-sliq-pay,"no1-currency,transcorp-international-ltd"
orbitremit-vs-transcorp-international-ltd-vs-sliq-pay,"orbitremit,transcorp-international-ltd"
paul-merchants-ltd-vs-transcorp-international-ltd-vs-sliq-pay,"paul-merchants-ltd,transcorp-international-ltd"
pockit-vs-transcorp-international-ltd-vs-sliq-pay,"pockit,transcorp-international-ltd"
privalgo-vs-transcorp-international-ltd-vs-sliq-pay,"privalgo,transcorp-international-ltd"
regency-fx-vs-transcorp-international-ltd-vs-sliq-pay,"regency-fx,transcorp-international-ltd"
thomas-cook-india-ltd-vs-transcorp-international-ltd-vs-sliq-pay,"thomas-cook-india-ltd,transcorp-international-ltd"
transcorp-international-ltd-vs-wall-street-finance-ltd-vs-sliq-pay,"transcorp-international-ltd,wall-street-finance-ltd"
mybeacon-my-beacon-beacon-upi-vs-transcorp-international-ltd-vs-sliq-pay,"mybeacon-my-beacon-beacon-upi,transcorp-international-ltd"
transcorp-international-ltd-vs-viamericas-vs-sliq-pay,"transcorp-international-ltd,viamericas"
kantox-vs-transcorp-international-ltd-vs-sliq-pay,"kantox,transcorp-international-ltd"
sendwave-vs-transcorp-international-ltd-vs-sliq-pay,"sendwave,transcorp-international-ltd"
transcorp-international-ltd-vs-zilmoney-vs-sliq-pay,"transcorp-international-ltd,zilmoney"
rebtel-vs-transcorp-international-ltd-vs-sliq-pay,"rebtel,transcorp-international-ltd"
transcorp-international-ltd-vs-travelex-money-transfer-vs-sliq-pay,"transcorp-international-ltd,travelex-money-transfer"
papaya-global-vs-transcorp-international-ltd-vs-sliq-pay,"papaya-global,transcorp-international-ltd"
multiplier-vs-transcorp-international-ltd-vs-sliq-pay,"multiplier,transcorp-international-ltd"
transcorp-international-ltd-vs-velocity-global-vs-sliq-pay,"transcorp-international-ltd,velocity-global"
skuad-vs-transcorp-international-ltd-vs-sliq-pay,"skuad,transcorp-international-ltd"
transcorp-international-ltd-vs-xflow-vs-sliq-pay,"transcorp-international-ltd,xflow"
dodo-payments-vs-transcorp-international-ltd-vs-sliq-pay,"dodo-payments,transcorp-international-ltd"
intermex-vs-transcorp-international-ltd-vs-sliq-pay,"intermex,transcorp-international-ltd"
sigue-money-transfer-vs-transcorp-international-ltd-vs-sliq-pay,"sigue-money-transfer,transcorp-international-ltd"
dolex-dollar-express-vs-transcorp-international-ltd-vs-sliq-pay,"dolex-dollar-express,transcorp-international-ltd"
maxi-transfer-vs-transcorp-international-ltd-vs-sliq-pay,"maxi-transfer,transcorp-international-ltd"
la-nacional-vs-transcorp-international-ltd-vs-sliq-pay,"la-nacional,transcorp-international-ltd"
mercuryo-vs-transcorp-international-ltd-vs-sliq-pay,"mercuryo,transcorp-international-ltd"
cheq-vs-transcorp-international-ltd-vs-sliq-pay,"cheq,transcorp-international-ltd"
mony-vs-transcorp-international-ltd-vs-sliq-pay,"mony,transcorp-international-ltd"
ace-fx-vs-unistream-vs-sliq-pay,"ace-fx,unistream"
b-sharpe-vs-unistream-vs-sliq-pay,"b-sharpe,unistream"
bfc-forex-financial-services-pvt-ltd-vs-unistream-vs-sliq-pay,"bfc-forex-financial-services-pvt-ltd,unistream"
centrum-direct-ltd-vs-unistream-vs-sliq-pay,"centrum-direct-ltd,unistream"
covercy-vs-unistream-vs-sliq-pay,"covercy,unistream"
currency-solutions-vs-unistream-vs-sliq-pay,"currency-solutions,unistream"
fairfx-equals-money-vs-unistream-vs-sliq-pay,"fairfx-equals-money,unistream"
foreign-currency-direct-vs-unistream-vs-sliq-pay,"foreign-currency-direct,unistream"
foremost-currency-group-vs-unistream-vs-sliq-pay,"foremost-currency-group,unistream"
grosik-vs-unistream-vs-sliq-pay,"grosik,unistream"
muthoot-fincorp-ltd-vs-unistream-vs-sliq-pay,"muthoot-fincorp-ltd,unistream"
paga-vs-unistream-vs-sliq-pay,"paga,unistream"
no1-currency-vs-unistream-vs-sliq-pay,"no1-currency,unistream"
orbitremit-vs-unistream-vs-sliq-pay,"orbitremit,unistream"
paul-merchants-ltd-vs-unistream-vs-sliq-pay,"paul-merchants-ltd,unistream"
pockit-vs-unistream-vs-sliq-pay,"pockit,unistream"
privalgo-vs-unistream-vs-sliq-pay,"privalgo,unistream"
regency-fx-vs-unistream-vs-sliq-pay,"regency-fx,unistream"
thomas-cook-india-ltd-vs-unistream-vs-sliq-pay,"thomas-cook-india-ltd,unistream"
unistream-vs-wall-street-finance-ltd-vs-sliq-pay,"unistream,wall-street-finance-ltd"
mybeacon-my-beacon-beacon-upi-vs-unistream-vs-sliq-pay,"mybeacon-my-beacon-beacon-upi,unistream"
unistream-vs-viamericas-vs-sliq-pay,"unistream,viamericas"
kantox-vs-unistream-vs-sliq-pay,"kantox,unistream"
sendwave-vs-unistream-vs-sliq-pay,"sendwave,unistream"
unistream-vs-zilmoney-vs-sliq-pay,"unistream,zilmoney"
rebtel-vs-unistream-vs-sliq-pay,"rebtel,unistream"
travelex-money-transfer-vs-unistream-vs-sliq-pay,"travelex-money-transfer,unistream"
papaya-global-vs-unistream-vs-sliq-pay,"papaya-global,unistream"
multiplier-vs-unistream-vs-sliq-pay,"multiplier,unistream"
unistream-vs-velocity-global-vs-sliq-pay,"unistream,velocity-global"
skuad-vs-unistream-vs-sliq-pay,"skuad,unistream"
unistream-vs-xflow-vs-sliq-pay,"unistream,xflow"
dodo-payments-vs-unistream-vs-sliq-pay,"dodo-payments,unistream"
intermex-vs-unistream-vs-sliq-pay,"intermex,unistream"
sigue-money-transfer-vs-unistream-vs-sliq-pay,"sigue-money-transfer,unistream"
dolex-dollar-express-vs-unistream-vs-sliq-pay,"dolex-dollar-express,unistream"
maxi-transfer-vs-unistream-vs-sliq-pay,"maxi-transfer,unistream"
la-nacional-vs-unistream-vs-sliq-pay,"la-nacional,unistream"
mercuryo-vs-unistream-vs-sliq-pay,"mercuryo,unistream"
cheq-vs-unistream-vs-sliq-pay,"cheq,unistream"
mony-vs-unistream-vs-sliq-pay,"mony,unistream"
ace-fx-vs-b-sharpe-vs-sliq-pay,"ace-fx,b-sharpe"
ace-fx-vs-bfc-forex-financial-services-pvt-ltd-vs-sliq-pay,"ace-fx,bfc-forex-financial-services-pvt-ltd"
ace-fx-vs-centrum-direct-ltd-vs-sliq-pay,"ace-fx,centrum-direct-ltd"
ace-fx-vs-covercy-vs-sliq-pay,"ace-fx,covercy"
ace-fx-vs-currency-solutions-vs-sliq-pay,"ace-fx,currency-solutions"
ace-fx-vs-fairfx-equals-money-vs-sliq-pay,"ace-fx,fairfx-equals-money"
ace-fx-vs-foreign-currency-direct-vs-sliq-pay,"ace-fx,foreign-currency-direct"
ace-fx-vs-foremost-currency-group-vs-sliq-pay,"ace-fx,foremost-currency-group"
ace-fx-vs-grosik-vs-sliq-pay,"ace-fx,grosik"
ace-fx-vs-muthoot-fincorp-ltd-vs-sliq-pay,"ace-fx,muthoot-fincorp-ltd"
ace-fx-vs-paga-vs-sliq-pay,"ace-fx,paga"
ace-fx-vs-no1-currency-vs-sliq-pay,"ace-fx,no1-currency"
ace-fx-vs-orbitremit-vs-sliq-pay,"ace-fx,orbitremit"
ace-fx-vs-paul-merchants-ltd-vs-sliq-pay,"ace-fx,paul-merchants-ltd"
ace-fx-vs-pockit-vs-sliq-pay,"ace-fx,pockit"
ace-fx-vs-privalgo-vs-sliq-pay,"ace-fx,privalgo"
ace-fx-vs-regency-fx-vs-sliq-pay,"ace-fx,regency-fx"
ace-fx-vs-thomas-cook-india-ltd-vs-sliq-pay,"ace-fx,thomas-cook-india-ltd"
ace-fx-vs-wall-street-finance-ltd-vs-sliq-pay,"ace-fx,wall-street-finance-ltd"
ace-fx-vs-mybeacon-my-beacon-beacon-upi-vs-sliq-pay,"ace-fx,mybeacon-my-beacon-beacon-upi"
ace-fx-vs-viamericas-vs-sliq-pay,"ace-fx,viamericas"
ace-fx-vs-kantox-vs-sliq-pay,"ace-fx,kantox"
ace-fx-vs-sendwave-vs-sliq-pay,"ace-fx,sendwave"
ace-fx-vs-zilmoney-vs-sliq-pay,"ace-fx,zilmoney"
ace-fx-vs-rebtel-vs-sliq-pay,"ace-fx,rebtel"
ace-fx-vs-travelex-money-transfer-vs-sliq-pay,"ace-fx,travelex-money-transfer"
ace-fx-vs-papaya-global-vs-sliq-pay,"ace-fx,papaya-global"
ace-fx-vs-multiplier-vs-sliq-pay,"ace-fx,multiplier"
ace-fx-vs-velocity-global-vs-sliq-pay,"ace-fx,velocity-global"
ace-fx-vs-skuad-vs-sliq-pay,"ace-fx,skuad"
ace-fx-vs-xflow-vs-sliq-pay,"ace-fx,xflow"
ace-fx-vs-dodo-payments-vs-sliq-pay,"ace-fx,dodo-payments"
ace-fx-vs-intermex-vs-sliq-pay,"ace-fx,intermex"
ace-fx-vs-sigue-money-transfer-vs-sliq-pay,"ace-fx,sigue-money-transfer"
ace-fx-vs-dolex-dollar-express-vs-sliq-pay,"ace-fx,dolex-dollar-express"
ace-fx-vs-maxi-transfer-vs-sliq-pay,"ace-fx,maxi-transfer"
ace-fx-vs-la-nacional-vs-sliq-pay,"ace-fx,la-nacional"
ace-fx-vs-mercuryo-vs-sliq-pay,"ace-fx,mercuryo"
ace-fx-vs-cheq-vs-sliq-pay,"ace-fx,cheq"
ace-fx-vs-mony-vs-sliq-pay,"ace-fx,mony"
b-sharpe-vs-bfc-forex-financial-services-pvt-ltd-vs-sliq-pay,"b-sharpe,bfc-forex-financial-services-pvt-ltd"
b-sharpe-vs-centrum-direct-ltd-vs-sliq-pay,"b-sharpe,centrum-direct-ltd"
b-sharpe-vs-covercy-vs-sliq-pay,"b-sharpe,covercy"
b-sharpe-vs-currency-solutions-vs-sliq-pay,"b-sharpe,currency-solutions"
b-sharpe-vs-fairfx-equals-money-vs-sliq-pay,"b-sharpe,fairfx-equals-money"
b-sharpe-vs-foreign-currency-direct-vs-sliq-pay,"b-sharpe,foreign-currency-direct"
b-sharpe-vs-foremost-currency-group-vs-sliq-pay,"b-sharpe,foremost-currency-group"
b-sharpe-vs-grosik-vs-sliq-pay,"b-sharpe,grosik"
b-sharpe-vs-muthoot-fincorp-ltd-vs-sliq-pay,"b-sharpe,muthoot-fincorp-ltd"
b-sharpe-vs-paga-vs-sliq-pay,"b-sharpe,paga"
b-sharpe-vs-no1-currency-vs-sliq-pay,"b-sharpe,no1-currency"
b-sharpe-vs-orbitremit-vs-sliq-pay,"b-sharpe,orbitremit"
b-sharpe-vs-paul-merchants-ltd-vs-sliq-pay,"b-sharpe,paul-merchants-ltd"
b-sharpe-vs-pockit-vs-sliq-pay,"b-sharpe,pockit"
b-sharpe-vs-privalgo-vs-sliq-pay,"b-sharpe,privalgo"
b-sharpe-vs-regency-fx-vs-sliq-pay,"b-sharpe,regency-fx"
b-sharpe-vs-thomas-cook-india-ltd-vs-sliq-pay,"b-sharpe,thomas-cook-india-ltd"
b-sharpe-vs-wall-street-finance-ltd-vs-sliq-pay,"b-sharpe,wall-street-finance-ltd"
b-sharpe-vs-mybeacon-my-beacon-beacon-upi-vs-sliq-pay,"b-sharpe,mybeacon-my-beacon-beacon-upi"
b-sharpe-vs-viamericas-vs-sliq-pay,"b-sharpe,viamericas"
b-sharpe-vs-kantox-vs-sliq-pay,"b-sharpe,kantox"
b-sharpe-vs-sendwave-vs-sliq-pay,"b-sharpe,sendwave"
b-sharpe-vs-zilmoney-vs-sliq-pay,"b-sharpe,zilmoney"
b-sharpe-vs-rebtel-vs-sliq-pay,"b-sharpe,rebtel"
b-sharpe-vs-travelex-money-transfer-vs-sliq-pay,"b-sharpe,travelex-money-transfer"
b-sharpe-vs-papaya-global-vs-sliq-pay,"b-sharpe,papaya-global"
b-sharpe-vs-multiplier-vs-sliq-pay,"b-sharpe,multiplier"
b-sharpe-vs-velocity-global-vs-sliq-pay,"b-sharpe,velocity-global"
b-sharpe-vs-skuad-vs-sliq-pay,"b-sharpe,skuad"
b-sharpe-vs-xflow-vs-sliq-pay,"b-sharpe,xflow"
b-sharpe-vs-dodo-payments-vs-sliq-pay,"b-sharpe,dodo-payments"
b-sharpe-vs-intermex-vs-sliq-pay,"b-sharpe,intermex"
b-sharpe-vs-sigue-money-transfer-vs-sliq-pay,"b-sharpe,sigue-money-transfer"
b-sharpe-vs-dolex-dollar-express-vs-sliq-pay,"b-sharpe,dolex-dollar-express"
b-sharpe-vs-maxi-transfer-vs-sliq-pay,"b-sharpe,maxi-transfer"
b-sharpe-vs-la-nacional-vs-sliq-pay,"b-sharpe,la-nacional"
b-sharpe-vs-mercuryo-vs-sliq-pay,"b-sharpe,mercuryo"
b-sharpe-vs-cheq-vs-sliq-pay,"b-sharpe,cheq"
b-sharpe-vs-mony-vs-sliq-pay,"b-sharpe,mony"
bfc-forex-financial-services-pvt-ltd-vs-centrum-direct-ltd-vs-sliq-pay,"bfc-forex-financial-services-pvt-ltd,centrum-direct-ltd"
bfc-forex-financial-services-pvt-ltd-vs-covercy-vs-sliq-pay,"bfc-forex-financial-services-pvt-ltd,covercy"
bfc-forex-financial-services-pvt-ltd-vs-currency-solutions-vs-sliq-pay,"bfc-forex-financial-services-pvt-ltd,currency-solutions"
bfc-forex-financial-services-pvt-ltd-vs-fairfx-equals-money-vs-sliq-pay,"bfc-forex-financial-services-pvt-ltd,fairfx-equals-money"
bfc-forex-financial-services-pvt-ltd-vs-foreign-currency-direct-vs-sliq-pay,"bfc-forex-financial-services-pvt-ltd,foreign-currency-direct"
bfc-forex-financial-services-pvt-ltd-vs-foremost-currency-group-vs-sliq-pay,"bfc-forex-financial-services-pvt-ltd,foremost-currency-group"
bfc-forex-financial-services-pvt-ltd-vs-grosik-vs-sliq-pay,"bfc-forex-financial-services-pvt-ltd,grosik"
bfc-forex-financial-services-pvt-ltd-vs-muthoot-fincorp-ltd-vs-sliq-pay,"bfc-forex-financial-services-pvt-ltd,muthoot-fincorp-ltd"
bfc-forex-financial-services-pvt-ltd-vs-paga-vs-sliq-pay,"bfc-forex-financial-services-pvt-ltd,paga"
bfc-forex-financial-services-pvt-ltd-vs-no1-currency-vs-sliq-pay,"bfc-forex-financial-services-pvt-ltd,no1-currency"
bfc-forex-financial-services-pvt-ltd-vs-orbitremit-vs-sliq-pay,"bfc-forex-financial-services-pvt-ltd,orbitremit"
bfc-forex-financial-services-pvt-ltd-vs-paul-merchants-ltd-vs-sliq-pay,"bfc-forex-financial-services-pvt-ltd,paul-merchants-ltd"
bfc-forex-financial-services-pvt-ltd-vs-pockit-vs-sliq-pay,"bfc-forex-financial-services-pvt-ltd,pockit"
bfc-forex-financial-services-pvt-ltd-vs-privalgo-vs-sliq-pay,"bfc-forex-financial-services-pvt-ltd,privalgo"
bfc-forex-financial-services-pvt-ltd-vs-regency-fx-vs-sliq-pay,"bfc-forex-financial-services-pvt-ltd,regency-fx"
bfc-forex-financial-services-pvt-ltd-vs-thomas-cook-india-ltd-vs-sliq-pay,"bfc-forex-financial-services-pvt-ltd,thomas-cook-india-ltd"
bfc-forex-financial-services-pvt-ltd-vs-wall-street-finance-ltd-vs-sliq-pay,"bfc-forex-financial-services-pvt-ltd,wall-street-finance-ltd"
bfc-forex-financial-services-pvt-ltd-vs-mybeacon-my-beacon-beacon-upi-vs-sliq-pay,"bfc-forex-financial-services-pvt-ltd,mybeacon-my-beacon-beacon-upi"
bfc-forex-financial-services-pvt-ltd-vs-viamericas-vs-sliq-pay,"bfc-forex-financial-services-pvt-ltd,viamericas"
bfc-forex-financial-services-pvt-ltd-vs-kantox-vs-sliq-pay,"bfc-forex-financial-services-pvt-ltd,kantox"
bfc-forex-financial-services-pvt-ltd-vs-sendwave-vs-sliq-pay,"bfc-forex-financial-services-pvt-ltd,sendwave"
bfc-forex-financial-services-pvt-ltd-vs-zilmoney-vs-sliq-pay,"bfc-forex-financial-services-pvt-ltd,zilmoney"
bfc-forex-financial-services-pvt-ltd-vs-rebtel-vs-sliq-pay,"bfc-forex-financial-services-pvt-ltd,rebtel"
bfc-forex-financial-services-pvt-ltd-vs-travelex-money-transfer-vs-sliq-pay,"bfc-forex-financial-services-pvt-ltd,travelex-money-transfer"
bfc-forex-financial-services-pvt-ltd-vs-papaya-global-vs-sliq-pay,"bfc-forex-financial-services-pvt-ltd,papaya-global"
bfc-forex-financial-services-pvt-ltd-vs-multiplier-vs-sliq-pay,"bfc-forex-financial-services-pvt-ltd,multiplier"
bfc-forex-financial-services-pvt-ltd-vs-velocity-global-vs-sliq-pay,"bfc-forex-financial-services-pvt-ltd,velocity-global"
bfc-forex-financial-services-pvt-ltd-vs-skuad-vs-sliq-pay,"bfc-forex-financial-services-pvt-ltd,skuad"
bfc-forex-financial-services-pvt-ltd-vs-xflow-vs-sliq-pay,"bfc-forex-financial-services-pvt-ltd,xflow"
bfc-forex-financial-services-pvt-ltd-vs-dodo-payments-vs-sliq-pay,"bfc-forex-financial-services-pvt-ltd,dodo-payments"
bfc-forex-financial-services-pvt-ltd-vs-intermex-vs-sliq-pay,"bfc-forex-financial-services-pvt-ltd,intermex"
bfc-forex-financial-services-pvt-ltd-vs-sigue-money-transfer-vs-sliq-pay,"bfc-forex-financial-services-pvt-ltd,sigue-money-transfer"
bfc-forex-financial-services-pvt-ltd-vs-dolex-dollar-express-vs-sliq-pay,"bfc-forex-financial-services-pvt-ltd,dolex-dollar-express"
bfc-forex-financial-services-pvt-ltd-vs-maxi-transfer-vs-sliq-pay,"bfc-forex-financial-services-pvt-ltd,maxi-transfer"
bfc-forex-financial-services-pvt-ltd-vs-la-nacional-vs-sliq-pay,"bfc-forex-financial-services-pvt-ltd,la-nacional"
bfc-forex-financial-services-pvt-ltd-vs-mercuryo-vs-sliq-pay,"bfc-forex-financial-services-pvt-ltd,mercuryo"
bfc-forex-financial-services-pvt-ltd-vs-cheq-vs-sliq-pay,"bfc-forex-financial-services-pvt-ltd,cheq"
bfc-forex-financial-services-pvt-ltd-vs-mony-vs-sliq-pay,"bfc-forex-financial-services-pvt-ltd,mony"
centrum-direct-ltd-vs-covercy-vs-sliq-pay,"centrum-direct-ltd,covercy"
centrum-direct-ltd-vs-currency-solutions-vs-sliq-pay,"centrum-direct-ltd,currency-solutions"
centrum-direct-ltd-vs-fairfx-equals-money-vs-sliq-pay,"centrum-direct-ltd,fairfx-equals-money"
centrum-direct-ltd-vs-foreign-currency-direct-vs-sliq-pay,"centrum-direct-ltd,foreign-currency-direct"
centrum-direct-ltd-vs-foremost-currency-group-vs-sliq-pay,"centrum-direct-ltd,foremost-currency-group"
centrum-direct-ltd-vs-grosik-vs-sliq-pay,"centrum-direct-ltd,grosik"
centrum-direct-ltd-vs-muthoot-fincorp-ltd-vs-sliq-pay,"centrum-direct-ltd,muthoot-fincorp-ltd"
centrum-direct-ltd-vs-paga-vs-sliq-pay,"centrum-direct-ltd,paga"
centrum-direct-ltd-vs-no1-currency-vs-sliq-pay,"centrum-direct-ltd,no1-currency"
centrum-direct-ltd-vs-orbitremit-vs-sliq-pay,"centrum-direct-ltd,orbitremit"
centrum-direct-ltd-vs-paul-merchants-ltd-vs-sliq-pay,"centrum-direct-ltd,paul-merchants-ltd"
centrum-direct-ltd-vs-pockit-vs-sliq-pay,"centrum-direct-ltd,pockit"
centrum-direct-ltd-vs-privalgo-vs-sliq-pay,"centrum-direct-ltd,privalgo"
centrum-direct-ltd-vs-regency-fx-vs-sliq-pay,"centrum-direct-ltd,regency-fx"
centrum-direct-ltd-vs-thomas-cook-india-ltd-vs-sliq-pay,"centrum-direct-ltd,thomas-cook-india-ltd"
centrum-direct-ltd-vs-wall-street-finance-ltd-vs-sliq-pay,"centrum-direct-ltd,wall-street-finance-ltd"
centrum-direct-ltd-vs-mybeacon-my-beacon-beacon-upi-vs-sliq-pay,"centrum-direct-ltd,mybeacon-my-beacon-beacon-upi"
centrum-direct-ltd-vs-viamericas-vs-sliq-pay,"centrum-direct-ltd,viamericas"
centrum-direct-ltd-vs-kantox-vs-sliq-pay,"centrum-direct-ltd,kantox"
centrum-direct-ltd-vs-sendwave-vs-sliq-pay,"centrum-direct-ltd,sendwave"
centrum-direct-ltd-vs-zilmoney-vs-sliq-pay,"centrum-direct-ltd,zilmoney"
centrum-direct-ltd-vs-rebtel-vs-sliq-pay,"centrum-direct-ltd,rebtel"
centrum-direct-ltd-vs-travelex-money-transfer-vs-sliq-pay,"centrum-direct-ltd,travelex-money-transfer"
centrum-direct-ltd-vs-papaya-global-vs-sliq-pay,"centrum-direct-ltd,papaya-global"
centrum-direct-ltd-vs-multiplier-vs-sliq-pay,"centrum-direct-ltd,multiplier"
centrum-direct-ltd-vs-velocity-global-vs-sliq-pay,"centrum-direct-ltd,velocity-global"
centrum-direct-ltd-vs-skuad-vs-sliq-pay,"centrum-direct-ltd,skuad"
centrum-direct-ltd-vs-xflow-vs-sliq-pay,"centrum-direct-ltd,xflow"
centrum-direct-ltd-vs-dodo-payments-vs-sliq-pay,"centrum-direct-ltd,dodo-payments"
centrum-direct-ltd-vs-intermex-vs-sliq-pay,"centrum-direct-ltd,intermex"
centrum-direct-ltd-vs-sigue-money-transfer-vs-sliq-pay,"centrum-direct-ltd,sigue-money-transfer"
centrum-direct-ltd-vs-dolex-dollar-express-vs-sliq-pay,"centrum-direct-ltd,dolex-dollar-express"
centrum-direct-ltd-vs-maxi-transfer-vs-sliq-pay,"centrum-direct-ltd,maxi-transfer"
centrum-direct-ltd-vs-la-nacional-vs-sliq-pay,"centrum-direct-ltd,la-nacional"
centrum-direct-ltd-vs-mercuryo-vs-sliq-pay,"centrum-direct-ltd,mercuryo"
centrum-direct-ltd-vs-cheq-vs-sliq-pay,"centrum-direct-ltd,cheq"
centrum-direct-ltd-vs-mony-vs-sliq-pay,"centrum-direct-ltd,mony"
covercy-vs-currency-solutions-vs-sliq-pay,"covercy,currency-solutions"
covercy-vs-fairfx-equals-money-vs-sliq-pay,"covercy,fairfx-equals-money"
covercy-vs-foreign-currency-direct-vs-sliq-pay,"covercy,foreign-currency-direct"
covercy-vs-foremost-currency-group-vs-sliq-pay,"covercy,foremost-currency-group"
covercy-vs-grosik-vs-sliq-pay,"covercy,grosik"
covercy-vs-muthoot-fincorp-ltd-vs-sliq-pay,"covercy,muthoot-fincorp-ltd"
covercy-vs-paga-vs-sliq-pay,"covercy,paga"
covercy-vs-no1-currency-vs-sliq-pay,"covercy,no1-currency"
covercy-vs-orbitremit-vs-sliq-pay,"covercy,orbitremit"
covercy-vs-paul-merchants-ltd-vs-sliq-pay,"covercy,paul-merchants-ltd"
covercy-vs-pockit-vs-sliq-pay,"covercy,pockit"
covercy-vs-privalgo-vs-sliq-pay,"covercy,privalgo"
covercy-vs-regency-fx-vs-sliq-pay,"covercy,regency-fx"
covercy-vs-thomas-cook-india-ltd-vs-sliq-pay,"covercy,thomas-cook-india-ltd"
covercy-vs-wall-street-finance-ltd-vs-sliq-pay,"covercy,wall-street-finance-ltd"
covercy-vs-mybeacon-my-beacon-beacon-upi-vs-sliq-pay,"covercy,mybeacon-my-beacon-beacon-upi"
covercy-vs-viamericas-vs-sliq-pay,"covercy,viamericas"
covercy-vs-kantox-vs-sliq-pay,"covercy,kantox"
covercy-vs-sendwave-vs-sliq-pay,"covercy,sendwave"
covercy-vs-zilmoney-vs-sliq-pay,"covercy,zilmoney"
covercy-vs-rebtel-vs-sliq-pay,"covercy,rebtel"
covercy-vs-travelex-money-transfer-vs-sliq-pay,"covercy,travelex-money-transfer"
covercy-vs-papaya-global-vs-sliq-pay,"covercy,papaya-global"
covercy-vs-multiplier-vs-sliq-pay,"covercy,multiplier"
covercy-vs-velocity-global-vs-sliq-pay,"covercy,velocity-global"
covercy-vs-skuad-vs-sliq-pay,"covercy,skuad"
covercy-vs-xflow-vs-sliq-pay,"covercy,xflow"
covercy-vs-dodo-payments-vs-sliq-pay,"covercy,dodo-payments"
covercy-vs-intermex-vs-sliq-pay,"covercy,intermex"
covercy-vs-sigue-money-transfer-vs-sliq-pay,"covercy,sigue-money-transfer"
covercy-vs-dolex-dollar-express-vs-sliq-pay,"covercy,dolex-dollar-express"
covercy-vs-maxi-transfer-vs-sliq-pay,"covercy,maxi-transfer"
covercy-vs-la-nacional-vs-sliq-pay,"covercy,la-nacional"
covercy-vs-mercuryo-vs-sliq-pay,"covercy,mercuryo"
cheq-vs-covercy-vs-sliq-pay,"cheq,covercy"
covercy-vs-mony-vs-sliq-pay,"covercy,mony"
currency-solutions-vs-fairfx-equals-money-vs-sliq-pay,"currency-solutions,fairfx-equals-money"
currency-solutions-vs-foreign-currency-direct-vs-sliq-pay,"currency-solutions,foreign-currency-direct"
currency-solutions-vs-foremost-currency-group-vs-sliq-pay,"currency-solutions,foremost-currency-group"
currency-solutions-vs-grosik-vs-sliq-pay,"currency-solutions,grosik"
currency-solutions-vs-muthoot-fincorp-ltd-vs-sliq-pay,"currency-solutions,muthoot-fincorp-ltd"
currency-solutions-vs-paga-vs-sliq-pay,"currency-solutions,paga"
currency-solutions-vs-no1-currency-vs-sliq-pay,"currency-solutions,no1-currency"
currency-solutions-vs-orbitremit-vs-sliq-pay,"currency-solutions,orbitremit"
currency-solutions-vs-paul-merchants-ltd-vs-sliq-pay,"currency-solutions,paul-merchants-ltd"
currency-solutions-vs-pockit-vs-sliq-pay,"currency-solutions,pockit"
currency-solutions-vs-privalgo-vs-sliq-pay,"currency-solutions,privalgo"
currency-solutions-vs-regency-fx-vs-sliq-pay,"currency-solutions,regency-fx"
currency-solutions-vs-thomas-cook-india-ltd-vs-sliq-pay,"currency-solutions,thomas-cook-india-ltd"
currency-solutions-vs-wall-street-finance-ltd-vs-sliq-pay,"currency-solutions,wall-street-finance-ltd"
currency-solutions-vs-mybeacon-my-beacon-beacon-upi-vs-sliq-pay,"currency-solutions,mybeacon-my-beacon-beacon-upi"
currency-solutions-vs-viamericas-vs-sliq-pay,"currency-solutions,viamericas"
currency-solutions-vs-kantox-vs-sliq-pay,"currency-solutions,kantox"
currency-solutions-vs-sendwave-vs-sliq-pay,"currency-solutions,sendwave"
currency-solutions-vs-zilmoney-vs-sliq-pay,"currency-solutions,zilmoney"
currency-solutions-vs-rebtel-vs-sliq-pay,"currency-solutions,rebtel"
currency-solutions-vs-travelex-money-transfer-vs-sliq-pay,"currency-solutions,travelex-money-transfer"
currency-solutions-vs-papaya-global-vs-sliq-pay,"currency-solutions,papaya-global"
currency-solutions-vs-multiplier-vs-sliq-pay,"currency-solutions,multiplier"
currency-solutions-vs-velocity-global-vs-sliq-pay,"currency-solutions,velocity-global"
currency-solutions-vs-skuad-vs-sliq-pay,"currency-solutions,skuad"
currency-solutions-vs-xflow-vs-sliq-pay,"currency-solutions,xflow"
currency-solutions-vs-dodo-payments-vs-sliq-pay,"currency-solutions,dodo-payments"
currency-solutions-vs-intermex-vs-sliq-pay,"currency-solutions,intermex"
currency-solutions-vs-sigue-money-transfer-vs-sliq-pay,"currency-solutions,sigue-money-transfer"
currency-solutions-vs-dolex-dollar-express-vs-sliq-pay,"currency-solutions,dolex-dollar-express"
currency-solutions-vs-maxi-transfer-vs-sliq-pay,"currency-solutions,maxi-transfer"
currency-solutions-vs-la-nacional-vs-sliq-pay,"currency-solutions,la-nacional"
currency-solutions-vs-mercuryo-vs-sliq-pay,"currency-solutions,mercuryo"
cheq-vs-currency-solutions-vs-sliq-pay,"cheq,currency-solutions"
currency-solutions-vs-mony-vs-sliq-pay,"currency-solutions,mony"
fairfx-equals-money-vs-foreign-currency-direct-vs-sliq-pay,"fairfx-equals-money,foreign-currency-direct"
fairfx-equals-money-vs-foremost-currency-group-vs-sliq-pay,"fairfx-equals-money,foremost-currency-group"
fairfx-equals-money-vs-grosik-vs-sliq-pay,"fairfx-equals-money,grosik"
fairfx-equals-money-vs-muthoot-fincorp-ltd-vs-sliq-pay,"fairfx-equals-money,muthoot-fincorp-ltd"
fairfx-equals-money-vs-paga-vs-sliq-pay,"fairfx-equals-money,paga"
fairfx-equals-money-vs-no1-currency-vs-sliq-pay,"fairfx-equals-money,no1-currency"
fairfx-equals-money-vs-orbitremit-vs-sliq-pay,"fairfx-equals-money,orbitremit"
fairfx-equals-money-vs-paul-merchants-ltd-vs-sliq-pay,"fairfx-equals-money,paul-merchants-ltd"
fairfx-equals-money-vs-pockit-vs-sliq-pay,"fairfx-equals-money,pockit"
fairfx-equals-money-vs-privalgo-vs-sliq-pay,"fairfx-equals-money,privalgo"
fairfx-equals-money-vs-regency-fx-vs-sliq-pay,"fairfx-equals-money,regency-fx"
fairfx-equals-money-vs-thomas-cook-india-ltd-vs-sliq-pay,"fairfx-equals-money,thomas-cook-india-ltd"
fairfx-equals-money-vs-wall-street-finance-ltd-vs-sliq-pay,"fairfx-equals-money,wall-street-finance-ltd"
fairfx-equals-money-vs-mybeacon-my-beacon-beacon-upi-vs-sliq-pay,"fairfx-equals-money,mybeacon-my-beacon-beacon-upi"
fairfx-equals-money-vs-viamericas-vs-sliq-pay,"fairfx-equals-money,viamericas"
fairfx-equals-money-vs-kantox-vs-sliq-pay,"fairfx-equals-money,kantox"
fairfx-equals-money-vs-sendwave-vs-sliq-pay,"fairfx-equals-money,sendwave"
fairfx-equals-money-vs-zilmoney-vs-sliq-pay,"fairfx-equals-money,zilmoney"
fairfx-equals-money-vs-rebtel-vs-sliq-pay,"fairfx-equals-money,rebtel"
fairfx-equals-money-vs-travelex-money-transfer-vs-sliq-pay,"fairfx-equals-money,travelex-money-transfer"
fairfx-equals-money-vs-papaya-global-vs-sliq-pay,"fairfx-equals-money,papaya-global"
fairfx-equals-money-vs-multiplier-vs-sliq-pay,"fairfx-equals-money,multiplier"
fairfx-equals-money-vs-velocity-global-vs-sliq-pay,"fairfx-equals-money,velocity-global"
fairfx-equals-money-vs-skuad-vs-sliq-pay,"fairfx-equals-money,skuad"
fairfx-equals-money-vs-xflow-vs-sliq-pay,"fairfx-equals-money,xflow"
dodo-payments-vs-fairfx-equals-money-vs-sliq-pay,"dodo-payments,fairfx-equals-money"
fairfx-equals-money-vs-intermex-vs-sliq-pay,"fairfx-equals-money,intermex"
fairfx-equals-money-vs-sigue-money-transfer-vs-sliq-pay,"fairfx-equals-money,sigue-money-transfer"
dolex-dollar-express-vs-fairfx-equals-money-vs-sliq-pay,"dolex-dollar-express,fairfx-equals-money"
fairfx-equals-money-vs-maxi-transfer-vs-sliq-pay,"fairfx-equals-money,maxi-transfer"
fairfx-equals-money-vs-la-nacional-vs-sliq-pay,"fairfx-equals-money,la-nacional"
fairfx-equals-money-vs-mercuryo-vs-sliq-pay,"fairfx-equals-money,mercuryo"
cheq-vs-fairfx-equals-money-vs-sliq-pay,"cheq,fairfx-equals-money"
fairfx-equals-money-vs-mony-vs-sliq-pay,"fairfx-equals-money,mony"
foreign-currency-direct-vs-foremost-currency-group-vs-sliq-pay,"foreign-currency-direct,foremost-currency-group"
foreign-currency-direct-vs-grosik-vs-sliq-pay,"foreign-currency-direct,grosik"
foreign-currency-direct-vs-muthoot-fincorp-ltd-vs-sliq-pay,"foreign-currency-direct,muthoot-fincorp-ltd"
foreign-currency-direct-vs-paga-vs-sliq-pay,"foreign-currency-direct,paga"
foreign-currency-direct-vs-no1-currency-vs-sliq-pay,"foreign-currency-direct,no1-currency"
foreign-currency-direct-vs-orbitremit-vs-sliq-pay,"foreign-currency-direct,orbitremit"
foreign-currency-direct-vs-paul-merchants-ltd-vs-sliq-pay,"foreign-currency-direct,paul-merchants-ltd"
foreign-currency-direct-vs-pockit-vs-sliq-pay,"foreign-currency-direct,pockit"
foreign-currency-direct-vs-privalgo-vs-sliq-pay,"foreign-currency-direct,privalgo"
foreign-currency-direct-vs-regency-fx-vs-sliq-pay,"foreign-currency-direct,regency-fx"
foreign-currency-direct-vs-thomas-cook-india-ltd-vs-sliq-pay,"foreign-currency-direct,thomas-cook-india-ltd"
foreign-currency-direct-vs-wall-street-finance-ltd-vs-sliq-pay,"foreign-currency-direct,wall-street-finance-ltd"
foreign-currency-direct-vs-mybeacon-my-beacon-beacon-upi-vs-sliq-pay,"foreign-currency-direct,mybeacon-my-beacon-beacon-upi"
foreign-currency-direct-vs-viamericas-vs-sliq-pay,"foreign-currency-direct,viamericas"
foreign-currency-direct-vs-kantox-vs-sliq-pay,"foreign-currency-direct,kantox"
foreign-currency-direct-vs-sendwave-vs-sliq-pay,"foreign-currency-direct,sendwave"
foreign-currency-direct-vs-zilmoney-vs-sliq-pay,"foreign-currency-direct,zilmoney"
foreign-currency-direct-vs-rebtel-vs-sliq-pay,"foreign-currency-direct,rebtel"
foreign-currency-direct-vs-travelex-money-transfer-vs-sliq-pay,"foreign-currency-direct,travelex-money-transfer"
foreign-currency-direct-vs-papaya-global-vs-sliq-pay,"foreign-currency-direct,papaya-global"
foreign-currency-direct-vs-multiplier-vs-sliq-pay,"foreign-currency-direct,multiplier"
foreign-currency-direct-vs-velocity-global-vs-sliq-pay,"foreign-currency-direct,velocity-global"
foreign-currency-direct-vs-skuad-vs-sliq-pay,"foreign-currency-direct,skuad"
foreign-currency-direct-vs-xflow-vs-sliq-pay,"foreign-currency-direct,xflow"
dodo-payments-vs-foreign-currency-direct-vs-sliq-pay,"dodo-payments,foreign-currency-direct"
foreign-currency-direct-vs-intermex-vs-sliq-pay,"foreign-currency-direct,intermex"
foreign-currency-direct-vs-sigue-money-transfer-vs-sliq-pay,"foreign-currency-direct,sigue-money-transfer"
dolex-dollar-express-vs-foreign-currency-direct-vs-sliq-pay,"dolex-dollar-express,foreign-currency-direct"
foreign-currency-direct-vs-maxi-transfer-vs-sliq-pay,"foreign-currency-direct,maxi-transfer"
foreign-currency-direct-vs-la-nacional-vs-sliq-pay,"foreign-currency-direct,la-nacional"
foreign-currency-direct-vs-mercuryo-vs-sliq-pay,"foreign-currency-direct,mercuryo"
cheq-vs-foreign-currency-direct-vs-sliq-pay,"cheq,foreign-currency-direct"
foreign-currency-direct-vs-mony-vs-sliq-pay,"foreign-currency-direct,mony"
foremost-currency-group-vs-grosik-vs-sliq-pay,"foremost-currency-group,grosik"
foremost-currency-group-vs-muthoot-fincorp-ltd-vs-sliq-pay,"foremost-currency-group,muthoot-fincorp-ltd"
foremost-currency-group-vs-paga-vs-sliq-pay,"foremost-currency-group,paga"
foremost-currency-group-vs-no1-currency-vs-sliq-pay,"foremost-currency-group,no1-currency"
foremost-currency-group-vs-orbitremit-vs-sliq-pay,"foremost-currency-group,orbitremit"
foremost-currency-group-vs-paul-merchants-ltd-vs-sliq-pay,"foremost-currency-group,paul-merchants-ltd"
foremost-currency-group-vs-pockit-vs-sliq-pay,"foremost-currency-group,pockit"
foremost-currency-group-vs-privalgo-vs-sliq-pay,"foremost-currency-group,privalgo"
foremost-currency-group-vs-regency-fx-vs-sliq-pay,"foremost-currency-group,regency-fx"
foremost-currency-group-vs-thomas-cook-india-ltd-vs-sliq-pay,"foremost-currency-group,thomas-cook-india-ltd"
foremost-currency-group-vs-wall-street-finance-ltd-vs-sliq-pay,"foremost-currency-group,wall-street-finance-ltd"
foremost-currency-group-vs-mybeacon-my-beacon-beacon-upi-vs-sliq-pay,"foremost-currency-group,mybeacon-my-beacon-beacon-upi"
foremost-currency-group-vs-viamericas-vs-sliq-pay,"foremost-currency-group,viamericas"
foremost-currency-group-vs-kantox-vs-sliq-pay,"foremost-currency-group,kantox"
foremost-currency-group-vs-sendwave-vs-sliq-pay,"foremost-currency-group,sendwave"
foremost-currency-group-vs-zilmoney-vs-sliq-pay,"foremost-currency-group,zilmoney"
foremost-currency-group-vs-rebtel-vs-sliq-pay,"foremost-currency-group,rebtel"
foremost-currency-group-vs-travelex-money-transfer-vs-sliq-pay,"foremost-currency-group,travelex-money-transfer"
foremost-currency-group-vs-papaya-global-vs-sliq-pay,"foremost-currency-group,papaya-global"
foremost-currency-group-vs-multiplier-vs-sliq-pay,"foremost-currency-group,multiplier"
foremost-currency-group-vs-velocity-global-vs-sliq-pay,"foremost-currency-group,velocity-global"
foremost-currency-group-vs-skuad-vs-sliq-pay,"foremost-currency-group,skuad"
foremost-currency-group-vs-xflow-vs-sliq-pay,"foremost-currency-group,xflow"
dodo-payments-vs-foremost-currency-group-vs-sliq-pay,"dodo-payments,foremost-currency-group"
foremost-currency-group-vs-intermex-vs-sliq-pay,"foremost-currency-group,intermex"
foremost-currency-group-vs-sigue-money-transfer-vs-sliq-pay,"foremost-currency-group,sigue-money-transfer"
dolex-dollar-express-vs-foremost-currency-group-vs-sliq-pay,"dolex-dollar-express,foremost-currency-group"
foremost-currency-group-vs-maxi-transfer-vs-sliq-pay,"foremost-currency-group,maxi-transfer"
foremost-currency-group-vs-la-nacional-vs-sliq-pay,"foremost-currency-group,la-nacional"
foremost-currency-group-vs-mercuryo-vs-sliq-pay,"foremost-currency-group,mercuryo"
cheq-vs-foremost-currency-group-vs-sliq-pay,"cheq,foremost-currency-group"
foremost-currency-group-vs-mony-vs-sliq-pay,"foremost-currency-group,mony"
grosik-vs-muthoot-fincorp-ltd-vs-sliq-pay,"grosik,muthoot-fincorp-ltd"
grosik-vs-paga-vs-sliq-pay,"grosik,paga"
grosik-vs-no1-currency-vs-sliq-pay,"grosik,no1-currency"
grosik-vs-orbitremit-vs-sliq-pay,"grosik,orbitremit"
grosik-vs-paul-merchants-ltd-vs-sliq-pay,"grosik,paul-merchants-ltd"
grosik-vs-pockit-vs-sliq-pay,"grosik,pockit"
grosik-vs-privalgo-vs-sliq-pay,"grosik,privalgo"
grosik-vs-regency-fx-vs-sliq-pay,"grosik,regency-fx"
grosik-vs-thomas-cook-india-ltd-vs-sliq-pay,"grosik,thomas-cook-india-ltd"
grosik-vs-wall-street-finance-ltd-vs-sliq-pay,"grosik,wall-street-finance-ltd"
grosik-vs-mybeacon-my-beacon-beacon-upi-vs-sliq-pay,"grosik,mybeacon-my-beacon-beacon-upi"
grosik-vs-viamericas-vs-sliq-pay,"grosik,viamericas"
grosik-vs-kantox-vs-sliq-pay,"grosik,kantox"
grosik-vs-sendwave-vs-sliq-pay,"grosik,sendwave"
grosik-vs-zilmoney-vs-sliq-pay,"grosik,zilmoney"
grosik-vs-rebtel-vs-sliq-pay,"grosik,rebtel"
grosik-vs-travelex-money-transfer-vs-sliq-pay,"grosik,travelex-money-transfer"
grosik-vs-papaya-global-vs-sliq-pay,"grosik,papaya-global"
grosik-vs-multiplier-vs-sliq-pay,"grosik,multiplier"
grosik-vs-velocity-global-vs-sliq-pay,"grosik,velocity-global"
grosik-vs-skuad-vs-sliq-pay,"grosik,skuad"
grosik-vs-xflow-vs-sliq-pay,"grosik,xflow"
dodo-payments-vs-grosik-vs-sliq-pay,"dodo-payments,grosik"
grosik-vs-intermex-vs-sliq-pay,"grosik,intermex"
grosik-vs-sigue-money-transfer-vs-sliq-pay,"grosik,sigue-money-transfer"
dolex-dollar-express-vs-grosik-vs-sliq-pay,"dolex-dollar-express,grosik"
grosik-vs-maxi-transfer-vs-sliq-pay,"grosik,maxi-transfer"
grosik-vs-la-nacional-vs-sliq-pay,"grosik,la-nacional"
grosik-vs-mercuryo-vs-sliq-pay,"grosik,mercuryo"
cheq-vs-grosik-vs-sliq-pay,"cheq,grosik"
grosik-vs-mony-vs-sliq-pay,"grosik,mony"
muthoot-fincorp-ltd-vs-paga-vs-sliq-pay,"muthoot-fincorp-ltd,paga"
muthoot-fincorp-ltd-vs-no1-currency-vs-sliq-pay,"muthoot-fincorp-ltd,no1-currency"
muthoot-fincorp-ltd-vs-orbitremit-vs-sliq-pay,"muthoot-fincorp-ltd,orbitremit"
muthoot-fincorp-ltd-vs-paul-merchants-ltd-vs-sliq-pay,"muthoot-fincorp-ltd,paul-merchants-ltd"
muthoot-fincorp-ltd-vs-pockit-vs-sliq-pay,"muthoot-fincorp-ltd,pockit"
muthoot-fincorp-ltd-vs-privalgo-vs-sliq-pay,"muthoot-fincorp-ltd,privalgo"
muthoot-fincorp-ltd-vs-regency-fx-vs-sliq-pay,"muthoot-fincorp-ltd,regency-fx"
muthoot-fincorp-ltd-vs-thomas-cook-india-ltd-vs-sliq-pay,"muthoot-fincorp-ltd,thomas-cook-india-ltd"
muthoot-fincorp-ltd-vs-wall-street-finance-ltd-vs-sliq-pay,"muthoot-fincorp-ltd,wall-street-finance-ltd"
muthoot-fincorp-ltd-vs-mybeacon-my-beacon-beacon-upi-vs-sliq-pay,"muthoot-fincorp-ltd,mybeacon-my-beacon-beacon-upi"
muthoot-fincorp-ltd-vs-viamericas-vs-sliq-pay,"muthoot-fincorp-ltd,viamericas"
kantox-vs-muthoot-fincorp-ltd-vs-sliq-pay,"kantox,muthoot-fincorp-ltd"
muthoot-fincorp-ltd-vs-sendwave-vs-sliq-pay,"muthoot-fincorp-ltd,sendwave"
muthoot-fincorp-ltd-vs-zilmoney-vs-sliq-pay,"muthoot-fincorp-ltd,zilmoney"
muthoot-fincorp-ltd-vs-rebtel-vs-sliq-pay,"muthoot-fincorp-ltd,rebtel"
muthoot-fincorp-ltd-vs-travelex-money-transfer-vs-sliq-pay,"muthoot-fincorp-ltd,travelex-money-transfer"
muthoot-fincorp-ltd-vs-papaya-global-vs-sliq-pay,"muthoot-fincorp-ltd,papaya-global"
multiplier-vs-muthoot-fincorp-ltd-vs-sliq-pay,"multiplier,muthoot-fincorp-ltd"
muthoot-fincorp-ltd-vs-velocity-global-vs-sliq-pay,"muthoot-fincorp-ltd,velocity-global"
muthoot-fincorp-ltd-vs-skuad-vs-sliq-pay,"muthoot-fincorp-ltd,skuad"
muthoot-fincorp-ltd-vs-xflow-vs-sliq-pay,"muthoot-fincorp-ltd,xflow"
dodo-payments-vs-muthoot-fincorp-ltd-vs-sliq-pay,"dodo-payments,muthoot-fincorp-ltd"
intermex-vs-muthoot-fincorp-ltd-vs-sliq-pay,"intermex,muthoot-fincorp-ltd"
muthoot-fincorp-ltd-vs-sigue-money-transfer-vs-sliq-pay,"muthoot-fincorp-ltd,sigue-money-transfer"
dolex-dollar-express-vs-muthoot-fincorp-ltd-vs-sliq-pay,"dolex-dollar-express,muthoot-fincorp-ltd"
maxi-transfer-vs-muthoot-fincorp-ltd-vs-sliq-pay,"maxi-transfer,muthoot-fincorp-ltd"
la-nacional-vs-muthoot-fincorp-ltd-vs-sliq-pay,"la-nacional,muthoot-fincorp-ltd"
mercuryo-vs-muthoot-fincorp-ltd-vs-sliq-pay,"mercuryo,muthoot-fincorp-ltd"
cheq-vs-muthoot-fincorp-ltd-vs-sliq-pay,"cheq,muthoot-fincorp-ltd"
mony-vs-muthoot-fincorp-ltd-vs-sliq-pay,"mony,muthoot-fincorp-ltd"
no1-currency-vs-paga-vs-sliq-pay,"no1-currency,paga"
orbitremit-vs-paga-vs-sliq-pay,"orbitremit,paga"
paga-vs-paul-merchants-ltd-vs-sliq-pay,"paga,paul-merchants-ltd"
paga-vs-pockit-vs-sliq-pay,"paga,pockit"
paga-vs-privalgo-vs-sliq-pay,"paga,privalgo"
paga-vs-regency-fx-vs-sliq-pay,"paga,regency-fx"
paga-vs-thomas-cook-india-ltd-vs-sliq-pay,"paga,thomas-cook-india-ltd"
paga-vs-wall-street-finance-ltd-vs-sliq-pay,"paga,wall-street-finance-ltd"
mybeacon-my-beacon-beacon-upi-vs-paga-vs-sliq-pay,"mybeacon-my-beacon-beacon-upi,paga"
paga-vs-viamericas-vs-sliq-pay,"paga,viamericas"
kantox-vs-paga-vs-sliq-pay,"kantox,paga"
paga-vs-sendwave-vs-sliq-pay,"paga,sendwave"
paga-vs-zilmoney-vs-sliq-pay,"paga,zilmoney"
paga-vs-rebtel-vs-sliq-pay,"paga,rebtel"
paga-vs-travelex-money-transfer-vs-sliq-pay,"paga,travelex-money-transfer"
paga-vs-papaya-global-vs-sliq-pay,"paga,papaya-global"
multiplier-vs-paga-vs-sliq-pay,"multiplier,paga"
paga-vs-velocity-global-vs-sliq-pay,"paga,velocity-global"
paga-vs-skuad-vs-sliq-pay,"paga,skuad"
paga-vs-xflow-vs-sliq-pay,"paga,xflow"
dodo-payments-vs-paga-vs-sliq-pay,"dodo-payments,paga"
intermex-vs-paga-vs-sliq-pay,"intermex,paga"
paga-vs-sigue-money-transfer-vs-sliq-pay,"paga,sigue-money-transfer"
dolex-dollar-express-vs-paga-vs-sliq-pay,"dolex-dollar-express,paga"
maxi-transfer-vs-paga-vs-sliq-pay,"maxi-transfer,paga"
la-nacional-vs-paga-vs-sliq-pay,"la-nacional,paga"
mercuryo-vs-paga-vs-sliq-pay,"mercuryo,paga"
cheq-vs-paga-vs-sliq-pay,"cheq,paga"
mony-vs-paga-vs-sliq-pay,"mony,paga"
no1-currency-vs-orbitremit-vs-sliq-pay,"no1-currency,orbitremit"
no1-currency-vs-paul-merchants-ltd-vs-sliq-pay,"no1-currency,paul-merchants-ltd"
no1-currency-vs-pockit-vs-sliq-pay,"no1-currency,pockit"
no1-currency-vs-privalgo-vs-sliq-pay,"no1-currency,privalgo"
no1-currency-vs-regency-fx-vs-sliq-pay,"no1-currency,regency-fx"
no1-currency-vs-thomas-cook-india-ltd-vs-sliq-pay,"no1-currency,thomas-cook-india-ltd"
no1-currency-vs-wall-street-finance-ltd-vs-sliq-pay,"no1-currency,wall-street-finance-ltd"
mybeacon-my-beacon-beacon-upi-vs-no1-currency-vs-sliq-pay,"mybeacon-my-beacon-beacon-upi,no1-currency"
no1-currency-vs-viamericas-vs-sliq-pay,"no1-currency,viamericas"
kantox-vs-no1-currency-vs-sliq-pay,"kantox,no1-currency"
no1-currency-vs-sendwave-vs-sliq-pay,"no1-currency,sendwave"
no1-currency-vs-zilmoney-vs-sliq-pay,"no1-currency,zilmoney"
no1-currency-vs-rebtel-vs-sliq-pay,"no1-currency,rebtel"
no1-currency-vs-travelex-money-transfer-vs-sliq-pay,"no1-currency,travelex-money-transfer"
no1-currency-vs-papaya-global-vs-sliq-pay,"no1-currency,papaya-global"
multiplier-vs-no1-currency-vs-sliq-pay,"multiplier,no1-currency"
no1-currency-vs-velocity-global-vs-sliq-pay,"no1-currency,velocity-global"
no1-currency-vs-skuad-vs-sliq-pay,"no1-currency,skuad"
no1-currency-vs-xflow-vs-sliq-pay,"no1-currency,xflow"
dodo-payments-vs-no1-currency-vs-sliq-pay,"dodo-payments,no1-currency"
intermex-vs-no1-currency-vs-sliq-pay,"intermex,no1-currency"
no1-currency-vs-sigue-money-transfer-vs-sliq-pay,"no1-currency,sigue-money-transfer"
dolex-dollar-express-vs-no1-currency-vs-sliq-pay,"dolex-dollar-express,no1-currency"
maxi-transfer-vs-no1-currency-vs-sliq-pay,"maxi-transfer,no1-currency"
la-nacional-vs-no1-currency-vs-sliq-pay,"la-nacional,no1-currency"
mercuryo-vs-no1-currency-vs-sliq-pay,"mercuryo,no1-currency"
cheq-vs-no1-currency-vs-sliq-pay,"cheq,no1-currency"
mony-vs-no1-currency-vs-sliq-pay,"mony,no1-currency"
orbitremit-vs-paul-merchants-ltd-vs-sliq-pay,"orbitremit,paul-merchants-ltd"
orbitremit-vs-pockit-vs-sliq-pay,"orbitremit,pockit"
orbitremit-vs-privalgo-vs-sliq-pay,"orbitremit,privalgo"
orbitremit-vs-regency-fx-vs-sliq-pay,"orbitremit,regency-fx"
orbitremit-vs-thomas-cook-india-ltd-vs-sliq-pay,"orbitremit,thomas-cook-india-ltd"
orbitremit-vs-wall-street-finance-ltd-vs-sliq-pay,"orbitremit,wall-street-finance-ltd"
mybeacon-my-beacon-beacon-upi-vs-orbitremit-vs-sliq-pay,"mybeacon-my-beacon-beacon-upi,orbitremit"
orbitremit-vs-viamericas-vs-sliq-pay,"orbitremit,viamericas"
kantox-vs-orbitremit-vs-sliq-pay,"kantox,orbitremit"
orbitremit-vs-sendwave-vs-sliq-pay,"orbitremit,sendwave"
orbitremit-vs-zilmoney-vs-sliq-pay,"orbitremit,zilmoney"
orbitremit-vs-rebtel-vs-sliq-pay,"orbitremit,rebtel"
orbitremit-vs-travelex-money-transfer-vs-sliq-pay,"orbitremit,travelex-money-transfer"
orbitremit-vs-papaya-global-vs-sliq-pay,"orbitremit,papaya-global"
multiplier-vs-orbitremit-vs-sliq-pay,"multiplier,orbitremit"
orbitremit-vs-velocity-global-vs-sliq-pay,"orbitremit,velocity-global"
orbitremit-vs-skuad-vs-sliq-pay,"orbitremit,skuad"
orbitremit-vs-xflow-vs-sliq-pay,"orbitremit,xflow"
dodo-payments-vs-orbitremit-vs-sliq-pay,"dodo-payments,orbitremit"
intermex-vs-orbitremit-vs-sliq-pay,"intermex,orbitremit"
orbitremit-vs-sigue-money-transfer-vs-sliq-pay,"orbitremit,sigue-money-transfer"
dolex-dollar-express-vs-orbitremit-vs-sliq-pay,"dolex-dollar-express,orbitremit"
maxi-transfer-vs-orbitremit-vs-sliq-pay,"maxi-transfer,orbitremit"
la-nacional-vs-orbitremit-vs-sliq-pay,"la-nacional,orbitremit"
mercuryo-vs-orbitremit-vs-sliq-pay,"mercuryo,orbitremit"
cheq-vs-orbitremit-vs-sliq-pay,"cheq,orbitremit"
mony-vs-orbitremit-vs-sliq-pay,"mony,orbitremit"
paul-merchants-ltd-vs-pockit-vs-sliq-pay,"paul-merchants-ltd,pockit"
paul-merchants-ltd-vs-privalgo-vs-sliq-pay,"paul-merchants-ltd,privalgo"
paul-merchants-ltd-vs-regency-fx-vs-sliq-pay,"paul-merchants-ltd,regency-fx"
paul-merchants-ltd-vs-thomas-cook-india-ltd-vs-sliq-pay,"paul-merchants-ltd,thomas-cook-india-ltd"
paul-merchants-ltd-vs-wall-street-finance-ltd-vs-sliq-pay,"paul-merchants-ltd,wall-street-finance-ltd"
mybeacon-my-beacon-beacon-upi-vs-paul-merchants-ltd-vs-sliq-pay,"mybeacon-my-beacon-beacon-upi,paul-merchants-ltd"
paul-merchants-ltd-vs-viamericas-vs-sliq-pay,"paul-merchants-ltd,viamericas"
kantox-vs-paul-merchants-ltd-vs-sliq-pay,"kantox,paul-merchants-ltd"
paul-merchants-ltd-vs-sendwave-vs-sliq-pay,"paul-merchants-ltd,sendwave"
paul-merchants-ltd-vs-zilmoney-vs-sliq-pay,"paul-merchants-ltd,zilmoney"
paul-merchants-ltd-vs-rebtel-vs-sliq-pay,"paul-merchants-ltd,rebtel"
paul-merchants-ltd-vs-travelex-money-transfer-vs-sliq-pay,"paul-merchants-ltd,travelex-money-transfer"
papaya-global-vs-paul-merchants-ltd-vs-sliq-pay,"papaya-global,paul-merchants-ltd"
multiplier-vs-paul-merchants-ltd-vs-sliq-pay,"multiplier,paul-merchants-ltd"
paul-merchants-ltd-vs-velocity-global-vs-sliq-pay,"paul-merchants-ltd,velocity-global"
paul-merchants-ltd-vs-skuad-vs-sliq-pay,"paul-merchants-ltd,skuad"
paul-merchants-ltd-vs-xflow-vs-sliq-pay,"paul-merchants-ltd,xflow"
dodo-payments-vs-paul-merchants-ltd-vs-sliq-pay,"dodo-payments,paul-merchants-ltd"
intermex-vs-paul-merchants-ltd-vs-sliq-pay,"intermex,paul-merchants-ltd"
paul-merchants-ltd-vs-sigue-money-transfer-vs-sliq-pay,"paul-merchants-ltd,sigue-money-transfer"
dolex-dollar-express-vs-paul-merchants-ltd-vs-sliq-pay,"dolex-dollar-express,paul-merchants-ltd"
maxi-transfer-vs-paul-merchants-ltd-vs-sliq-pay,"maxi-transfer,paul-merchants-ltd"
la-nacional-vs-paul-merchants-ltd-vs-sliq-pay,"la-nacional,paul-merchants-ltd"
mercuryo-vs-paul-merchants-ltd-vs-sliq-pay,"mercuryo,paul-merchants-ltd"
cheq-vs-paul-merchants-ltd-vs-sliq-pay,"cheq,paul-merchants-ltd"
mony-vs-paul-merchants-ltd-vs-sliq-pay,"mony,paul-merchants-ltd"
pockit-vs-privalgo-vs-sliq-pay,"pockit,privalgo"
pockit-vs-regency-fx-vs-sliq-pay,"pockit,regency-fx"
pockit-vs-thomas-cook-india-ltd-vs-sliq-pay,"pockit,thomas-cook-india-ltd"
pockit-vs-wall-street-finance-ltd-vs-sliq-pay,"pockit,wall-street-finance-ltd"
mybeacon-my-beacon-beacon-upi-vs-pockit-vs-sliq-pay,"mybeacon-my-beacon-beacon-upi,pockit"
pockit-vs-viamericas-vs-sliq-pay,"pockit,viamericas"
kantox-vs-pockit-vs-sliq-pay,"kantox,pockit"
pockit-vs-sendwave-vs-sliq-pay,"pockit,sendwave"
pockit-vs-zilmoney-vs-sliq-pay,"pockit,zilmoney"
pockit-vs-rebtel-vs-sliq-pay,"pockit,rebtel"
pockit-vs-travelex-money-transfer-vs-sliq-pay,"pockit,travelex-money-transfer"
papaya-global-vs-pockit-vs-sliq-pay,"papaya-global,pockit"
multiplier-vs-pockit-vs-sliq-pay,"multiplier,pockit"
pockit-vs-velocity-global-vs-sliq-pay,"pockit,velocity-global"
pockit-vs-skuad-vs-sliq-pay,"pockit,skuad"
pockit-vs-xflow-vs-sliq-pay,"pockit,xflow"
dodo-payments-vs-pockit-vs-sliq-pay,"dodo-payments,pockit"
intermex-vs-pockit-vs-sliq-pay,"intermex,pockit"
pockit-vs-sigue-money-transfer-vs-sliq-pay,"pockit,sigue-money-transfer"
dolex-dollar-express-vs-pockit-vs-sliq-pay,"dolex-dollar-express,pockit"
maxi-transfer-vs-pockit-vs-sliq-pay,"maxi-transfer,pockit"
la-nacional-vs-pockit-vs-sliq-pay,"la-nacional,pockit"
mercuryo-vs-pockit-vs-sliq-pay,"mercuryo,pockit"
cheq-vs-pockit-vs-sliq-pay,"cheq,pockit"
mony-vs-pockit-vs-sliq-pay,"mony,pockit"
privalgo-vs-regency-fx-vs-sliq-pay,"privalgo,regency-fx"
privalgo-vs-thomas-cook-india-ltd-vs-sliq-pay,"privalgo,thomas-cook-india-ltd"
privalgo-vs-wall-street-finance-ltd-vs-sliq-pay,"privalgo,wall-street-finance-ltd"
mybeacon-my-beacon-beacon-upi-vs-privalgo-vs-sliq-pay,"mybeacon-my-beacon-beacon-upi,privalgo"
privalgo-vs-viamericas-vs-sliq-pay,"privalgo,viamericas"
kantox-vs-privalgo-vs-sliq-pay,"kantox,privalgo"
privalgo-vs-sendwave-vs-sliq-pay,"privalgo,sendwave"
privalgo-vs-zilmoney-vs-sliq-pay,"privalgo,zilmoney"
privalgo-vs-rebtel-vs-sliq-pay,"privalgo,rebtel"
privalgo-vs-travelex-money-transfer-vs-sliq-pay,"privalgo,travelex-money-transfer"
papaya-global-vs-privalgo-vs-sliq-pay,"papaya-global,privalgo"
multiplier-vs-privalgo-vs-sliq-pay,"multiplier,privalgo"
privalgo-vs-velocity-global-vs-sliq-pay,"privalgo,velocity-global"
privalgo-vs-skuad-vs-sliq-pay,"privalgo,skuad"
privalgo-vs-xflow-vs-sliq-pay,"privalgo,xflow"
dodo-payments-vs-privalgo-vs-sliq-pay,"dodo-payments,privalgo"
intermex-vs-privalgo-vs-sliq-pay,"intermex,privalgo"
privalgo-vs-sigue-money-transfer-vs-sliq-pay,"privalgo,sigue-money-transfer"
dolex-dollar-express-vs-privalgo-vs-sliq-pay,"dolex-dollar-express,privalgo"
maxi-transfer-vs-privalgo-vs-sliq-pay,"maxi-transfer,privalgo"
la-nacional-vs-privalgo-vs-sliq-pay,"la-nacional,privalgo"
mercuryo-vs-privalgo-vs-sliq-pay,"mercuryo,privalgo"
cheq-vs-privalgo-vs-sliq-pay,"cheq,privalgo"
mony-vs-privalgo-vs-sliq-pay,"mony,privalgo"
regency-fx-vs-thomas-cook-india-ltd-vs-sliq-pay,"regency-fx,thomas-cook-india-ltd"
regency-fx-vs-wall-street-finance-ltd-vs-sliq-pay,"regency-fx,wall-street-finance-ltd"
mybeacon-my-beacon-beacon-upi-vs-regency-fx-vs-sliq-pay,"mybeacon-my-beacon-beacon-upi,regency-fx"
regency-fx-vs-viamericas-vs-sliq-pay,"regency-fx,viamericas"
kantox-vs-regency-fx-vs-sliq-pay,"kantox,regency-fx"
regency-fx-vs-sendwave-vs-sliq-pay,"regency-fx,sendwave"
regency-fx-vs-zilmoney-vs-sliq-pay,"regency-fx,zilmoney"
rebtel-vs-regency-fx-vs-sliq-pay,"rebtel,regency-fx"
regency-fx-vs-travelex-money-transfer-vs-sliq-pay,"regency-fx,travelex-money-transfer"
papaya-global-vs-regency-fx-vs-sliq-pay,"papaya-global,regency-fx"
multiplier-vs-regency-fx-vs-sliq-pay,"multiplier,regency-fx"
regency-fx-vs-velocity-global-vs-sliq-pay,"regency-fx,velocity-global"
regency-fx-vs-skuad-vs-sliq-pay,"regency-fx,skuad"
regency-fx-vs-xflow-vs-sliq-pay,"regency-fx,xflow"
dodo-payments-vs-regency-fx-vs-sliq-pay,"dodo-payments,regency-fx"
intermex-vs-regency-fx-vs-sliq-pay,"intermex,regency-fx"
regency-fx-vs-sigue-money-transfer-vs-sliq-pay,"regency-fx,sigue-money-transfer"
dolex-dollar-express-vs-regency-fx-vs-sliq-pay,"dolex-dollar-express,regency-fx"
maxi-transfer-vs-regency-fx-vs-sliq-pay,"maxi-transfer,regency-fx"
la-nacional-vs-regency-fx-vs-sliq-pay,"la-nacional,regency-fx"
mercuryo-vs-regency-fx-vs-sliq-pay,"mercuryo,regency-fx"
cheq-vs-regency-fx-vs-sliq-pay,"cheq,regency-fx"
mony-vs-regency-fx-vs-sliq-pay,"mony,regency-fx"
thomas-cook-india-ltd-vs-wall-street-finance-ltd-vs-sliq-pay,"thomas-cook-india-ltd,wall-street-finance-ltd"
mybeacon-my-beacon-beacon-upi-vs-thomas-cook-india-ltd-vs-sliq-pay,"mybeacon-my-beacon-beacon-upi,thomas-cook-india-ltd"
thomas-cook-india-ltd-vs-viamericas-vs-sliq-pay,"thomas-cook-india-ltd,viamericas"
kantox-vs-thomas-cook-india-ltd-vs-sliq-pay,"kantox,thomas-cook-india-ltd"
sendwave-vs-thomas-cook-india-ltd-vs-sliq-pay,"sendwave,thomas-cook-india-ltd"
thomas-cook-india-ltd-vs-zilmoney-vs-sliq-pay,"thomas-cook-india-ltd,zilmoney"
rebtel-vs-thomas-cook-india-ltd-vs-sliq-pay,"rebtel,thomas-cook-india-ltd"
thomas-cook-india-ltd-vs-travelex-money-transfer-vs-sliq-pay,"thomas-cook-india-ltd,travelex-money-transfer"
papaya-global-vs-thomas-cook-india-ltd-vs-sliq-pay,"papaya-global,thomas-cook-india-ltd"
multiplier-vs-thomas-cook-india-ltd-vs-sliq-pay,"multiplier,thomas-cook-india-ltd"
thomas-cook-india-ltd-vs-velocity-global-vs-sliq-pay,"thomas-cook-india-ltd,velocity-global"
skuad-vs-thomas-cook-india-ltd-vs-sliq-pay,"skuad,thomas-cook-india-ltd"
thomas-cook-india-ltd-vs-xflow-vs-sliq-pay,"thomas-cook-india-ltd,xflow"
dodo-payments-vs-thomas-cook-india-ltd-vs-sliq-pay,"dodo-payments,thomas-cook-india-ltd"
intermex-vs-thomas-cook-india-ltd-vs-sliq-pay,"intermex,thomas-cook-india-ltd"
sigue-money-transfer-vs-thomas-cook-india-ltd-vs-sliq-pay,"sigue-money-transfer,thomas-cook-india-ltd"
dolex-dollar-express-vs-thomas-cook-india-ltd-vs-sliq-pay,"dolex-dollar-express,thomas-cook-india-ltd"
maxi-transfer-vs-thomas-cook-india-ltd-vs-sliq-pay,"maxi-transfer,thomas-cook-india-ltd"
la-nacional-vs-thomas-cook-india-ltd-vs-sliq-pay,"la-nacional,thomas-cook-india-ltd"
mercuryo-vs-thomas-cook-india-ltd-vs-sliq-pay,"mercuryo,thomas-cook-india-ltd"
cheq-vs-thomas-cook-india-ltd-vs-sliq-pay,"cheq,thomas-cook-india-ltd"
mony-vs-thomas-cook-india-ltd-vs-sliq-pay,"mony,thomas-cook-india-ltd"
mybeacon-my-beacon-beacon-upi-vs-wall-street-finance-ltd-vs-sliq-pay,"mybeacon-my-beacon-beacon-upi,wall-street-finance-ltd"
viamericas-vs-wall-street-finance-ltd-vs-sliq-pay,"viamericas,wall-street-finance-ltd"
kantox-vs-wall-street-finance-ltd-vs-sliq-pay,"kantox,wall-street-finance-ltd"
sendwave-vs-wall-street-finance-ltd-vs-sliq-pay,"sendwave,wall-street-finance-ltd"
wall-street-finance-ltd-vs-zilmoney-vs-sliq-pay,"wall-street-finance-ltd,zilmoney"
rebtel-vs-wall-street-finance-ltd-vs-sliq-pay,"rebtel,wall-street-finance-ltd"
travelex-money-transfer-vs-wall-street-finance-ltd-vs-sliq-pay,"travelex-money-transfer,wall-street-finance-ltd"
papaya-global-vs-wall-street-finance-ltd-vs-sliq-pay,"papaya-global,wall-street-finance-ltd"
multiplier-vs-wall-street-finance-ltd-vs-sliq-pay,"multiplier,wall-street-finance-ltd"
velocity-global-vs-wall-street-finance-ltd-vs-sliq-pay,"velocity-global,wall-street-finance-ltd"
skuad-vs-wall-street-finance-ltd-vs-sliq-pay,"skuad,wall-street-finance-ltd"
wall-street-finance-ltd-vs-xflow-vs-sliq-pay,"wall-street-finance-ltd,xflow"
dodo-payments-vs-wall-street-finance-ltd-vs-sliq-pay,"dodo-payments,wall-street-finance-ltd"
intermex-vs-wall-street-finance-ltd-vs-sliq-pay,"intermex,wall-street-finance-ltd"
sigue-money-transfer-vs-wall-street-finance-ltd-vs-sliq-pay,"sigue-money-transfer,wall-street-finance-ltd"
dolex-dollar-express-vs-wall-street-finance-ltd-vs-sliq-pay,"dolex-dollar-express,wall-street-finance-ltd"
maxi-transfer-vs-wall-street-finance-ltd-vs-sliq-pay,"maxi-transfer,wall-street-finance-ltd"
la-nacional-vs-wall-street-finance-ltd-vs-sliq-pay,"la-nacional,wall-street-finance-ltd"
mercuryo-vs-wall-street-finance-ltd-vs-sliq-pay,"mercuryo,wall-street-finance-ltd"
cheq-vs-wall-street-finance-ltd-vs-sliq-pay,"cheq,wall-street-finance-ltd"
mony-vs-wall-street-finance-ltd-vs-sliq-pay,"mony,wall-street-finance-ltd"
mybeacon-my-beacon-beacon-upi-vs-viamericas-vs-sliq-pay,"mybeacon-my-beacon-beacon-upi,viamericas"
kantox-vs-mybeacon-my-beacon-beacon-upi-vs-sliq-pay,"kantox,mybeacon-my-beacon-beacon-upi"
mybeacon-my-beacon-beacon-upi-vs-sendwave-vs-sliq-pay,"mybeacon-my-beacon-beacon-upi,sendwave"
mybeacon-my-beacon-beacon-upi-vs-zilmoney-vs-sliq-pay,"mybeacon-my-beacon-beacon-upi,zilmoney"
mybeacon-my-beacon-beacon-upi-vs-rebtel-vs-sliq-pay,"mybeacon-my-beacon-beacon-upi,rebtel"
mybeacon-my-beacon-beacon-upi-vs-travelex-money-transfer-vs-sliq-pay,"mybeacon-my-beacon-beacon-upi,travelex-money-transfer"
mybeacon-my-beacon-beacon-upi-vs-papaya-global-vs-sliq-pay,"mybeacon-my-beacon-beacon-upi,papaya-global"
multiplier-vs-mybeacon-my-beacon-beacon-upi-vs-sliq-pay,"multiplier,mybeacon-my-beacon-beacon-upi"
mybeacon-my-beacon-beacon-upi-vs-velocity-global-vs-sliq-pay,"mybeacon-my-beacon-beacon-upi,velocity-global"
mybeacon-my-beacon-beacon-upi-vs-skuad-vs-sliq-pay,"mybeacon-my-beacon-beacon-upi,skuad"
mybeacon-my-beacon-beacon-upi-vs-xflow-vs-sliq-pay,"mybeacon-my-beacon-beacon-upi,xflow"
dodo-payments-vs-mybeacon-my-beacon-beacon-upi-vs-sliq-pay,"dodo-payments,mybeacon-my-beacon-beacon-upi"
intermex-vs-mybeacon-my-beacon-beacon-upi-vs-sliq-pay,"intermex,mybeacon-my-beacon-beacon-upi"
mybeacon-my-beacon-beacon-upi-vs-sigue-money-transfer-vs-sliq-pay,"mybeacon-my-beacon-beacon-upi,sigue-money-transfer"
dolex-dollar-express-vs-mybeacon-my-beacon-beacon-upi-vs-sliq-pay,"dolex-dollar-express,mybeacon-my-beacon-beacon-upi"
maxi-transfer-vs-mybeacon-my-beacon-beacon-upi-vs-sliq-pay,"maxi-transfer,mybeacon-my-beacon-beacon-upi"
la-nacional-vs-mybeacon-my-beacon-beacon-upi-vs-sliq-pay,"la-nacional,mybeacon-my-beacon-beacon-upi"
mercuryo-vs-mybeacon-my-beacon-beacon-upi-vs-sliq-pay,"mercuryo,mybeacon-my-beacon-beacon-upi"
cheq-vs-mybeacon-my-beacon-beacon-upi-vs-sliq-pay,"cheq,mybeacon-my-beacon-beacon-upi"
mony-vs-mybeacon-my-beacon-beacon-upi-vs-sliq-pay,"mony,mybeacon-my-beacon-beacon-upi"
kantox-vs-viamericas-vs-sliq-pay,"kantox,viamericas"
sendwave-vs-viamericas-vs-sliq-pay,"sendwave,viamericas"
viamericas-vs-zilmoney-vs-sliq-pay,"viamericas,zilmoney"
rebtel-vs-viamericas-vs-sliq-pay,"rebtel,viamericas"
travelex-money-transfer-vs-viamericas-vs-sliq-pay,"travelex-money-transfer,viamericas"
papaya-global-vs-viamericas-vs-sliq-pay,"papaya-global,viamericas"
multiplier-vs-viamericas-vs-sliq-pay,"multiplier,viamericas"
velocity-global-vs-viamericas-vs-sliq-pay,"velocity-global,viamericas"
skuad-vs-viamericas-vs-sliq-pay,"skuad,viamericas"
viamericas-vs-xflow-vs-sliq-pay,"viamericas,xflow"
dodo-payments-vs-viamericas-vs-sliq-pay,"dodo-payments,viamericas"
intermex-vs-viamericas-vs-sliq-pay,"intermex,viamericas"
sigue-money-transfer-vs-viamericas-vs-sliq-pay,"sigue-money-transfer,viamericas"
dolex-dollar-express-vs-viamericas-vs-sliq-pay,"dolex-dollar-express,viamericas"
maxi-transfer-vs-viamericas-vs-sliq-pay,"maxi-transfer,viamericas"
la-nacional-vs-viamericas-vs-sliq-pay,"la-nacional,viamericas"
mercuryo-vs-viamericas-vs-sliq-pay,"mercuryo,viamericas"
cheq-vs-viamericas-vs-sliq-pay,"cheq,viamericas"
mony-vs-viamericas-vs-sliq-pay,"mony,viamericas"
kantox-vs-sendwave-vs-sliq-pay,"kantox,sendwave"
kantox-vs-zilmoney-vs-sliq-pay,"kantox,zilmoney"
kantox-vs-rebtel-vs-sliq-pay,"kantox,rebtel"
kantox-vs-travelex-money-transfer-vs-sliq-pay,"kantox,travelex-money-transfer"
kantox-vs-papaya-global-vs-sliq-pay,"kantox,papaya-global"
kantox-vs-multiplier-vs-sliq-pay,"kantox,multiplier"
kantox-vs-velocity-global-vs-sliq-pay,"kantox,velocity-global"
kantox-vs-skuad-vs-sliq-pay,"kantox,skuad"
kantox-vs-xflow-vs-sliq-pay,"kantox,xflow"
dodo-payments-vs-kantox-vs-sliq-pay,"dodo-payments,kantox"
intermex-vs-kantox-vs-sliq-pay,"intermex,kantox"
kantox-vs-sigue-money-transfer-vs-sliq-pay,"kantox,sigue-money-transfer"
dolex-dollar-express-vs-kantox-vs-sliq-pay,"dolex-dollar-express,kantox"
kantox-vs-maxi-transfer-vs-sliq-pay,"kantox,maxi-transfer"
kantox-vs-la-nacional-vs-sliq-pay,"kantox,la-nacional"
kantox-vs-mercuryo-vs-sliq-pay,"kantox,mercuryo"
cheq-vs-kantox-vs-sliq-pay,"cheq,kantox"
kantox-vs-mony-vs-sliq-pay,"kantox,mony"
sendwave-vs-zilmoney-vs-sliq-pay,"sendwave,zilmoney"
rebtel-vs-sendwave-vs-sliq-pay,"rebtel,sendwave"
sendwave-vs-travelex-money-transfer-vs-sliq-pay,"sendwave,travelex-money-transfer"
papaya-global-vs-sendwave-vs-sliq-pay,"papaya-global,sendwave"
multiplier-vs-sendwave-vs-sliq-pay,"multiplier,sendwave"
sendwave-vs-velocity-global-vs-sliq-pay,"sendwave,velocity-global"
sendwave-vs-skuad-vs-sliq-pay,"sendwave,skuad"
sendwave-vs-xflow-vs-sliq-pay,"sendwave,xflow"
dodo-payments-vs-sendwave-vs-sliq-pay,"dodo-payments,sendwave"
intermex-vs-sendwave-vs-sliq-pay,"intermex,sendwave"
sendwave-vs-sigue-money-transfer-vs-sliq-pay,"sendwave,sigue-money-transfer"
dolex-dollar-express-vs-sendwave-vs-sliq-pay,"dolex-dollar-express,sendwave"
maxi-transfer-vs-sendwave-vs-sliq-pay,"maxi-transfer,sendwave"
la-nacional-vs-sendwave-vs-sliq-pay,"la-nacional,sendwave"
mercuryo-vs-sendwave-vs-sliq-pay,"mercuryo,sendwave"
cheq-vs-sendwave-vs-sliq-pay,"cheq,sendwave"
mony-vs-sendwave-vs-sliq-pay,"mony,sendwave"
rebtel-vs-zilmoney-vs-sliq-pay,"rebtel,zilmoney"
travelex-money-transfer-vs-zilmoney-vs-sliq-pay,"travelex-money-transfer,zilmoney"
papaya-global-vs-zilmoney-vs-sliq-pay,"papaya-global,zilmoney"
multiplier-vs-zilmoney-vs-sliq-pay,"multiplier,zilmoney"
velocity-global-vs-zilmoney-vs-sliq-pay,"velocity-global,zilmoney"
skuad-vs-zilmoney-vs-sliq-pay,"skuad,zilmoney"
xflow-vs-zilmoney-vs-sliq-pay,"xflow,zilmoney"
dodo-payments-vs-zilmoney-vs-sliq-pay,"dodo-payments,zilmoney"
intermex-vs-zilmoney-vs-sliq-pay,"intermex,zilmoney"
sigue-money-transfer-vs-zilmoney-vs-sliq-pay,"sigue-money-transfer,zilmoney"
dolex-dollar-express-vs-zilmoney-vs-sliq-pay,"dolex-dollar-express,zilmoney"
maxi-transfer-vs-zilmoney-vs-sliq-pay,"maxi-transfer,zilmoney"
la-nacional-vs-zilmoney-vs-sliq-pay,"la-nacional,zilmoney"
mercuryo-vs-zilmoney-vs-sliq-pay,"mercuryo,zilmoney"
cheq-vs-zilmoney-vs-sliq-pay,"cheq,zilmoney"
mony-vs-zilmoney-vs-sliq-pay,"mony,zilmoney"
rebtel-vs-travelex-money-transfer-vs-sliq-pay,"rebtel,travelex-money-transfer"
papaya-global-vs-rebtel-vs-sliq-pay,"papaya-global,rebtel"
multiplier-vs-rebtel-vs-sliq-pay,"multiplier,rebtel"
rebtel-vs-velocity-global-vs-sliq-pay,"rebtel,velocity-global"
rebtel-vs-skuad-vs-sliq-pay,"rebtel,skuad"
rebtel-vs-xflow-vs-sliq-pay,"rebtel,xflow"
dodo-payments-vs-rebtel-vs-sliq-pay,"dodo-payments,rebtel"
intermex-vs-rebtel-vs-sliq-pay,"intermex,rebtel"
rebtel-vs-sigue-money-transfer-vs-sliq-pay,"rebtel,sigue-money-transfer"
dolex-dollar-express-vs-rebtel-vs-sliq-pay,"dolex-dollar-express,rebtel"
maxi-transfer-vs-rebtel-vs-sliq-pay,"maxi-transfer,rebtel"
la-nacional-vs-rebtel-vs-sliq-pay,"la-nacional,rebtel"
mercuryo-vs-rebtel-vs-sliq-pay,"mercuryo,rebtel"
cheq-vs-rebtel-vs-sliq-pay,"cheq,rebtel"
mony-vs-rebtel-vs-sliq-pay,"mony,rebtel"
papaya-global-vs-travelex-money-transfer-vs-sliq-pay,"papaya-global,travelex-money-transfer"
multiplier-vs-travelex-money-transfer-vs-sliq-pay,"multiplier,travelex-money-transfer"
travelex-money-transfer-vs-velocity-global-vs-sliq-pay,"travelex-money-transfer,velocity-global"
skuad-vs-travelex-money-transfer-vs-sliq-pay,"skuad,travelex-money-transfer"
travelex-money-transfer-vs-xflow-vs-sliq-pay,"travelex-money-transfer,xflow"
dodo-payments-vs-travelex-money-transfer-vs-sliq-pay,"dodo-payments,travelex-money-transfer"
intermex-vs-travelex-money-transfer-vs-sliq-pay,"intermex,travelex-money-transfer"
sigue-money-transfer-vs-travelex-money-transfer-vs-sliq-pay,"sigue-money-transfer,travelex-money-transfer"
dolex-dollar-express-vs-travelex-money-transfer-vs-sliq-pay,"dolex-dollar-express,travelex-money-transfer"
maxi-transfer-vs-travelex-money-transfer-vs-sliq-pay,"maxi-transfer,travelex-money-transfer"
la-nacional-vs-travelex-money-transfer-vs-sliq-pay,"la-nacional,travelex-money-transfer"
mercuryo-vs-travelex-money-transfer-vs-sliq-pay,"mercuryo,travelex-money-transfer"
cheq-vs-travelex-money-transfer-vs-sliq-pay,"cheq,travelex-money-transfer"
mony-vs-travelex-money-transfer-vs-sliq-pay,"mony,travelex-money-transfer"
multiplier-vs-papaya-global-vs-sliq-pay,"multiplier,papaya-global"
papaya-global-vs-velocity-global-vs-sliq-pay,"papaya-global,velocity-global"
papaya-global-vs-skuad-vs-sliq-pay,"papaya-global,skuad"
papaya-global-vs-xflow-vs-sliq-pay,"papaya-global,xflow"
dodo-payments-vs-papaya-global-vs-sliq-pay,"dodo-payments,papaya-global"
intermex-vs-papaya-global-vs-sliq-pay,"intermex,papaya-global"
papaya-global-vs-sigue-money-transfer-vs-sliq-pay,"papaya-global,sigue-money-transfer"
dolex-dollar-express-vs-papaya-global-vs-sliq-pay,"dolex-dollar-express,papaya-global"
maxi-transfer-vs-papaya-global-vs-sliq-pay,"maxi-transfer,papaya-global"
la-nacional-vs-papaya-global-vs-sliq-pay,"la-nacional,papaya-global"
mercuryo-vs-papaya-global-vs-sliq-pay,"mercuryo,papaya-global"
cheq-vs-papaya-global-vs-sliq-pay,"cheq,papaya-global"
mony-vs-papaya-global-vs-sliq-pay,"mony,papaya-global"
multiplier-vs-velocity-global-vs-sliq-pay,"multiplier,velocity-global"
multiplier-vs-skuad-vs-sliq-pay,"multiplier,skuad"
multiplier-vs-xflow-vs-sliq-pay,"multiplier,xflow"
dodo-payments-vs-multiplier-vs-sliq-pay,"dodo-payments,multiplier"
intermex-vs-multiplier-vs-sliq-pay,"intermex,multiplier"
multiplier-vs-sigue-money-transfer-vs-sliq-pay,"multiplier,sigue-money-transfer"
dolex-dollar-express-vs-multiplier-vs-sliq-pay,"dolex-dollar-express,multiplier"
maxi-transfer-vs-multiplier-vs-sliq-pay,"maxi-transfer,multiplier"
la-nacional-vs-multiplier-vs-sliq-pay,"la-nacional,multiplier"
mercuryo-vs-multiplier-vs-sliq-pay,"mercuryo,multiplier"
cheq-vs-multiplier-vs-sliq-pay,"cheq,multiplier"
mony-vs-multiplier-vs-sliq-pay,"mony,multiplier"
skuad-vs-velocity-global-vs-sliq-pay,"skuad,velocity-global"
velocity-global-vs-xflow-vs-sliq-pay,"velocity-global,xflow"
dodo-payments-vs-velocity-global-vs-sliq-pay,"dodo-payments,velocity-global"
intermex-vs-velocity-global-vs-sliq-pay,"intermex,velocity-global"
sigue-money-transfer-vs-velocity-global-vs-sliq-pay,"sigue-money-transfer,velocity-global"
dolex-dollar-express-vs-velocity-global-vs-sliq-pay,"dolex-dollar-express,velocity-global"
maxi-transfer-vs-velocity-global-vs-sliq-pay,"maxi-transfer,velocity-global"
la-nacional-vs-velocity-global-vs-sliq-pay,"la-nacional,velocity-global"
mercuryo-vs-velocity-global-vs-sliq-pay,"mercuryo,velocity-global"
cheq-vs-velocity-global-vs-sliq-pay,"cheq,velocity-global"
mony-vs-velocity-global-vs-sliq-pay,"mony,velocity-global"
skuad-vs-xflow-vs-sliq-pay,"skuad,xflow"
dodo-payments-vs-skuad-vs-sliq-pay,"dodo-payments,skuad"
intermex-vs-skuad-vs-sliq-pay,"intermex,skuad"
sigue-money-transfer-vs-skuad-vs-sliq-pay,"sigue-money-transfer,skuad"
dolex-dollar-express-vs-skuad-vs-sliq-pay,"dolex-dollar-express,skuad"
maxi-transfer-vs-skuad-vs-sliq-pay,"maxi-transfer,skuad"
la-nacional-vs-skuad-vs-sliq-pay,"la-nacional,skuad"
mercuryo-vs-skuad-vs-sliq-pay,"mercuryo,skuad"
cheq-vs-skuad-vs-sliq-pay,"cheq,skuad"
mony-vs-skuad-vs-sliq-pay,"mony,skuad"
dodo-payments-vs-xflow-vs-sliq-pay,"dodo-payments,xflow"
intermex-vs-xflow-vs-sliq-pay,"intermex,xflow"
sigue-money-transfer-vs-xflow-vs-sliq-pay,"sigue-money-transfer,xflow"
dolex-dollar-express-vs-xflow-vs-sliq-pay,"dolex-dollar-express,xflow"
maxi-transfer-vs-xflow-vs-sliq-pay,"maxi-transfer,xflow"
la-nacional-vs-xflow-vs-sliq-pay,"la-nacional,xflow"
mercuryo-vs-xflow-vs-sliq-pay,"mercuryo,xflow"
cheq-vs-xflow-vs-sliq-pay,"cheq,xflow"
mony-vs-xflow-vs-sliq-pay,"mony,xflow"
dodo-payments-vs-intermex-vs-sliq-pay,"dodo-payments,intermex"
dodo-payments-vs-sigue-money-transfer-vs-sliq-pay,"dodo-payments,sigue-money-transfer"
dodo-payments-vs-dolex-dollar-express-vs-sliq-pay,"dodo-payments,dolex-dollar-express"
dodo-payments-vs-maxi-transfer-vs-sliq-pay,"dodo-payments,maxi-transfer"
dodo-payments-vs-la-nacional-vs-sliq-pay,"dodo-payments,la-nacional"
dodo-payments-vs-mercuryo-vs-sliq-pay,"dodo-payments,mercuryo"
cheq-vs-dodo-payments-vs-sliq-pay,"cheq,dodo-payments"
dodo-payments-vs-mony-vs-sliq-pay,"dodo-payments,mony"
intermex-vs-sigue-money-transfer-vs-sliq-pay,"intermex,sigue-money-transfer"
dolex-dollar-express-vs-intermex-vs-sliq-pay,"dolex-dollar-express,intermex"
intermex-vs-maxi-transfer-vs-sliq-pay,"intermex,maxi-transfer"
intermex-vs-la-nacional-vs-sliq-pay,"intermex,la-nacional"
intermex-vs-mercuryo-vs-sliq-pay,"intermex,mercuryo"
cheq-vs-intermex-vs-sliq-pay,"cheq,intermex"
intermex-vs-mony-vs-sliq-pay,"intermex,mony"
dolex-dollar-express-vs-sigue-money-transfer-vs-sliq-pay,"dolex-dollar-express,sigue-money-transfer"
maxi-transfer-vs-sigue-money-transfer-vs-sliq-pay,"maxi-transfer,sigue-money-transfer"
la-nacional-vs-sigue-money-transfer-vs-sliq-pay,"la-nacional,sigue-money-transfer"
mercuryo-vs-sigue-money-transfer-vs-sliq-pay,"mercuryo,sigue-money-transfer"
cheq-vs-sigue-money-transfer-vs-sliq-pay,"cheq,sigue-money-transfer"
mony-vs-sigue-money-transfer-vs-sliq-pay,"mony,sigue-money-transfer"
dolex-dollar-express-vs-maxi-transfer-vs-sliq-pay,"dolex-dollar-express,maxi-transfer"
dolex-dollar-express-vs-la-nacional-vs-sliq-pay,"dolex-dollar-express,la-nacional"
dolex-dollar-express-vs-mercuryo-vs-sliq-pay,"dolex-dollar-express,mercuryo"
cheq-vs-dolex-dollar-express-vs-sliq-pay,"cheq,dolex-dollar-express"
dolex-dollar-express-vs-mony-vs-sliq-pay,"dolex-dollar-express,mony"
la-nacional-vs-maxi-transfer-vs-sliq-pay,"la-nacional,maxi-transfer"
maxi-transfer-vs-mercuryo-vs-sliq-pay,"maxi-transfer,mercuryo"
cheq-vs-maxi-transfer-vs-sliq-pay,"cheq,maxi-transfer"
maxi-transfer-vs-mony-vs-sliq-pay,"maxi-transfer,mony"
la-nacional-vs-mercuryo-vs-sliq-pay,"la-nacional,mercuryo"
cheq-vs-la-nacional-vs-sliq-pay,"cheq,la-nacional"
la-nacional-vs-mony-vs-sliq-pay,"la-nacional,mony"
cheq-vs-mercuryo-vs-sliq-pay,"cheq,mercuryo"
mercuryo-vs-mony-vs-sliq-pay,"mercuryo,mony"
cheq-vs-mony-vs-sliq-pay,"cheq,mony"
